"","Date","Open","High","Low","Close","Adj Close","Volume","""t1""","""t2""","""t3""","""t4""","""t5"""
"1",2012-05-01,20.889286,21.312857,20.758215,20.790358,17.722071,610999200,"0","0","1","1","0"
"2",2012-05-02,20.722857,20.978571,20.673571,20.927856,17.839283,427389200,"1","1","0","1","1"
"3",2012-05-03,21.089287,21.121429,20.725,20.779285,17.712635,390549600,"0","0","0","0","0"
"4",2012-05-04,20.610001,20.655714,20.184643,20.1875,17.208193,529992400,"0","0","1","0","0"
"5",2012-05-07,20.053572,20.456072,20.043928,20.338572,17.336958,460118400,"1","1","0","1","1"
"6",2012-05-08,20.342142,20.410713,19.954643,20.292143,17.297382,497252000,"0","0","1","0","0"
"7",2012-05-09,20.132143,20.499287,20.030357,20.327856,17.327831,480704000,"1","1","1","1","1"
"8",2012-05-10,20.520714,20.567142,20.30143,20.375713,17.368618,333200000,"0","0","0","0","0"
"9",2012-05-11,20.178572,20.516787,20.155357,20.239643,17.25264,399546000,"0","0","0","0","0"
"10",2012-05-14,20.091785,20.268213,19.914286,19.936428,16.994167,352626400,"1","0","0","0","1"
"11",2012-05-15,20.051786,20.115,19.705357,19.756071,16.840429,476336000,"1","0","0","0","1"
"12",2012-05-16,19.7875,19.888929,19.322857,19.502857,16.624584,560896000,"0","0","0","0","0"
"13",2012-05-17,19.475357,19.553572,18.932858,18.932858,16.13871,717220000,"1","0","1","0","1"
"14",2012-05-18,19.07,19.407499,18.649286,18.942142,16.146622,732292400,"1","1","1","1","1"
"15",2012-05-21,19.089287,20.055,19.073214,20.045713,17.087328,631106000,"1","1","0","1","1"
"16",2012-05-22,20.34107,20.495714,19.735001,19.891787,16.956112,694870400,"1","0","1","1","1"
"17",2012-05-23,19.910713,20.457144,19.758215,20.377144,17.369848,584897600,"1","1","0","1","1"
"18",2012-05-24,20.566786,20.589287,20.043928,20.190001,17.210314,496230000,"0","0","0","0","0"
"19",2012-05-25,20.163929,20.208929,19.945356,20.081785,17.118073,328507200,"1","1","1","1","1"
"20",2012-05-29,20.389286,20.5,20.189644,20.438213,17.4219,380508800,"0","0","1","1","0"
"21",2012-05-30,20.328571,20.713928,20.234285,20.684643,17.63196,529429600,"1","1","0","1","1"
"22",2012-05-31,20.740713,20.767857,20.409286,20.633215,17.588125,491674400,"0","0","0","0","0"
"23",2012-06-01,20.327143,20.451786,20.018572,20.035357,17.078497,520987600,"1","0","1","0","1"
"24",2012-06-04,20.053572,20.267857,19.589287,20.153214,17.178965,556995600,"0","0","0","1","0"
"25",2012-06-05,20.045357,20.231071,19.940357,20.10107,17.134512,388214400,"1","1","1","1","1"
"26",2012-06-06,20.2775,20.494642,20.196428,20.409286,17.397243,401455600,"1","1","1","1","1"
"27",2012-06-07,20.6175,20.61857,20.375,20.418571,17.405153,379766800,"0","0","1","1","0"
"28",2012-06-08,20.414286,20.735001,20.321428,20.725714,17.666967,347516400,"1","1","0","0","1"
"29",2012-06-11,20.99,21.017857,20.379642,20.39893,17.388414,591264800,"1","0","1","0","1"
"30",2012-06-12,20.51643,20.593571,20.239286,20.577143,17.540321,435380400,"0","1","0","0","0"
"31",2012-06-13,20.518572,20.66,20.370714,20.434286,17.418552,293580000,"0","0","0","0","0"
"32",2012-06-14,20.401428,20.482143,20.259287,20.411785,17.399372,345573200,"0","0","1","1","0"
"33",2012-06-15,20.392857,20.522142,20.34107,20.504642,17.478519,335255200,"0","0","1","1","0"
"34",2012-06-18,20.39143,20.996071,20.370358,20.920713,17.833189,440412000,"0","1","1","1","0"
"35",2012-06-19,20.835714,21.071428,20.825001,20.97893,17.88282,361404400,"1","1","0","1","1"
"36",2012-06-20,21.0075,21.044643,20.742857,20.919287,17.831972,358943200,"0","0","0","0","0"
"37",2012-06-21,20.908571,21.007856,20.622856,20.631071,17.586294,326351200,"1","0","1","0","1"
"38",2012-06-22,20.68,20.7925,20.550714,20.789286,17.721161,284471600,"0","0","0","0","0"
"39",2012-06-25,20.617857,20.707144,20.370358,20.384644,17.376234,304382400,"1","0","1","0","1"
"40",2012-06-26,20.404642,20.5175,20.261786,20.429644,17.414593,276536400,"1","1","1","1","1"
"41",2012-06-27,20.535713,20.597857,20.425714,20.517857,17.489786,202997200,"0","0","0","0","0"
"42",2012-06-28,20.416786,20.5,20.200357,20.323214,17.323874,282836400,"1","1","1","1","1"
"43",2012-06-29,20.642857,20.857143,20.508928,20.857143,17.778999,421500800,"1","1","1","1","1"
"44",2012-07-02,20.883215,21.195356,20.842857,21.161428,18.03838,400092000,"1","1","1","1","1"
"45",2012-07-03,21.245714,21.428572,21.214287,21.407499,18.248131,241712800,"1","1","1","1","1"
"46",2012-07-05,21.44857,21.940714,21.416071,21.783571,18.568708,484383200,"0","1","0","1","0"
"47",2012-07-06,21.681786,21.73,21.485001,21.638571,18.445108,418930400,"0","0","1","1","0"
"48",2012-07-09,21.617857,21.924999,21.575357,21.924643,18.688953,379405600,"1","1","0","1","1"
"49",2012-07-10,22.070356,22.138214,21.618214,21.721786,18.516041,511957600,"0","0","0","0","0"
"50",2012-07-11,21.647142,21.702143,21.329287,21.586786,18.400967,469322000,"0","0","0","0","0"
"51",2012-07-12,21.437143,21.5525,21.167143,21.389286,18.232611,428041600,"1","1","1","1","1"
"52",2012-07-13,21.53393,21.685356,21.428572,21.606071,18.4174,311427200,"1","1","1","1","1"
"53",2012-07-16,21.611429,21.843571,21.607857,21.675358,18.476465,301260400,"1","1","1","1","1"
"54",2012-07-17,21.813929,21.839287,21.541071,21.67643,18.477383,293624800,"0","0","0","0","0"
"55",2012-07-18,21.663929,21.726429,21.555714,21.652143,18.456673,252700000,"1","1","1","1","1"
"56",2012-07-19,21.831429,21.976786,21.642857,21.940001,18.702047,436861600,"0","1","0","0","0"
"57",2012-07-20,21.893929,21.944286,21.560715,21.582144,18.396997,397471200,"0","0","0","0","0"
"58",2012-07-23,21.228571,21.639286,20.989643,21.565357,18.382698,487975600,"1","1","0","1","1"
"59",2012-07-24,21.692142,21.774286,21.375357,21.46143,18.294106,565132400,"0","0","0","0","0"
"60",2012-07-25,20.51643,20.742857,20.357143,20.534643,17.504097,877312800,"1","1","0","1","1"
"61",2012-07-26,20.705713,20.728571,20.370001,20.531429,17.501358,406632800,"1","0","1","1","1"
"62",2012-07-27,20.536072,20.922501,20.413929,20.898571,17.81432,403936400,"1","1","1","1","1"
"63",2012-07-30,21.104286,21.408571,20.99357,21.251072,18.114798,379142400,"1","1","1","1","1"
"64",2012-07-31,21.543928,21.84643,21.525715,21.812857,18.593674,462327600,"1","1","0","1","1"
"65",2012-08-01,21.996786,22.014286,21.535713,21.671785,18.473413,384501600,"0","0","1","0","0"
"66",2012-08-02,21.530001,21.810356,21.4375,21.706785,18.50325,332158400,"1","1","1","1","1"
"67",2012-08-03,21.915358,22.070715,21.841429,21.989286,18.744061,344920800,"1","1","1","1","1"
"68",2012-08-06,22.04607,22.316786,21.973572,22.233929,18.952597,302103200,"1","1","0","1","1"
"69",2012-08-07,22.241785,22.321428,22.072857,22.175358,18.90267,290446800,"0","0","0","0","0"
"70",2012-08-08,22.121071,22.281429,22.039286,22.137857,18.870707,244706000,"0","0","1","1","0"
"71",2012-08-09,22.066071,22.204643,22.064285,22.168928,18.978329,221642400,"0","1","1","1","0"
"72",2012-08-10,22.096786,22.205713,22.09643,22.203571,19.007986,194938800,"1","1","1","1","1"
"73",2012-08-13,22.263929,22.5,22.258928,22.5,19.261751,278832400,"1","1","1","1","1"
"74",2012-08-14,22.566786,22.807501,22.5075,22.560356,19.313416,340169200,"0","0","0","0","0"
"75",2012-08-15,22.546429,22.642857,22.419643,22.529642,19.287123,257342400,"1","0","1","1","1"
"76",2012-08-16,22.543215,22.741428,22.517857,22.726429,19.455591,254534000,"1","1","1","1","1"
"77",2012-08-17,22.857143,23.149643,22.814644,23.146786,19.815456,442761200,"1","1","1","1","1"
"78",2012-08-20,23.214643,23.755358,23.210714,23.755358,20.336433,613384800,"1","1","0","1","1"
"79",2012-08-21,23.957857,24.102858,23.22607,23.430714,20.058512,812719600,"0","0","1","0","0"
"80",2012-08-22,23.372143,23.892857,23.146786,23.888214,20.450169,565322800,"0","1","0","1","0"
"81",2012-08-23,23.789642,23.924999,23.612499,23.665358,20.259382,420128800,"0","0","1","0","0"
"82",2012-08-24,23.553928,23.91,23.4125,23.686428,20.277422,437340400,"1","1","1","1","1"
"83",2012-08-27,24.285357,24.316786,24.055,24.13143,20.658377,427008400,"0","0","0","0","0"
"84",2012-08-28,24.106428,24.146429,23.952499,24.1,20.63147,267416800,"1","1","0","0","1"
"85",2012-08-29,24.116072,24.202499,24.021429,24.0525,20.590807,202806800,"0","0","0","0","0"
"86",2012-08-30,23.951429,23.983929,23.673214,23.709642,20.297295,302699600,"1","0","1","0","1"
"87",2012-08-31,23.830357,23.878571,23.473213,23.758572,20.339182,338321200,"1","0","1","1","1"
"88",2012-09-04,23.777143,24.112143,23.732143,24.106071,20.636675,367892000,"1","1","0","1","1"
"89",2012-09-05,24.127501,24.155357,23.914286,23.936787,20.491755,336375200,"1","0","1","1","1"
"90",2012-09-06,24.041786,24.224644,23.957144,24.1525,20.676416,391196400,"1","1","1","1","1"
"91",2012-09-07,24.21607,24.374287,24.134644,24.30143,20.803911,329666400,"1","1","0","0","1"
"92",2012-09-10,24.301786,24.403214,23.646429,23.669287,20.262756,487998000,"1","0","0","0","1"
"93",2012-09-11,23.753929,23.932142,23.446428,23.592501,20.197016,503983200,"1","1","1","1","1"
"94",2012-09-12,23.816071,23.924999,23.428572,23.92107,20.478296,712233200,"1","1","1","1","1"
"95",2012-09-13,24.191786,24.482143,24.098928,24.392143,20.881571,598360000,"1","1","1","1","1"
"96",2012-09-14,24.64143,24.892143,24.567499,24.688572,21.135334,600474000,"1","1","1","1","1"
"97",2012-09-17,24.976786,24.992857,24.807501,24.992144,21.395214,398031200,"1","1","1","1","1"
"98",2012-09-18,24.995714,25.083214,24.872143,25.068214,21.460331,373503200,"0","1","1","1","0"
"99",2012-09-19,25.009287,25.1425,24.984644,25.075001,21.466145,326874800,"0","0","0","0","0"
"100",2012-09-20,24.969999,25.002144,24.772142,24.953571,21.362194,336568400,"1","1","1","1","1"
"101",2012-09-21,25.086071,25.18107,24.977142,25.003214,21.404696,571589200,"0","0","0","0","0"
"102",2012-09-24,24.530714,24.825714,24.392857,24.67107,21.12035,639766400,"0","1","0","0","0"
"103",2012-09-25,24.580713,24.742144,24.035713,24.055,20.592955,518789600,"0","0","0","0","0"
"104",2012-09-26,23.883572,24.024643,23.614286,23.75643,20.337349,576503200,"0","0","1","1","0"
"105",2012-09-27,23.724644,24.363214,23.583929,24.332857,20.830822,594090000,"0","1","0","1","0"
"106",2012-09-28,24.241072,24.325357,23.8125,23.825001,20.396048,535110800,"1","0","0","0","1"
"107",2012-10-01,23.969999,24.169643,23.446428,23.549643,20.160326,543594800,"1","0","1","0","1"
"108",2012-10-02,23.63607,23.798214,23.237499,23.618214,20.219032,627992400,"1","1","1","1","1"
"109",2012-10-03,23.745001,23.995001,23.665358,23.980356,20.529043,424281200,"0","1","0","1","0"
"110",2012-10-04,23.973213,24.080357,23.769644,23.814285,20.386879,370725600,"0","0","0","0","0"
"111",2012-10-05,23.757143,23.785713,23.26,23.306786,19.952423,594006000,"0","0","0","0","0"
"112",2012-10-08,23.102858,23.127144,22.718214,22.791786,19.511539,637994000,"1","0","0","0","1"
"113",2012-10-09,22.808929,22.874643,22.269644,22.708929,19.440609,838597200,"1","1","1","1","1"
"114",2012-10-10,22.847857,23.035,22.75,22.889643,19.595312,510356000,"1","1","0","0","1"
"115",2012-10-11,23.089287,23.114286,22.432142,22.432142,19.203659,546081200,"1","0","1","0","1"
"116",2012-10-12,22.484285,22.692142,22.332144,22.489643,19.25288,460014800,"1","1","1","1","1"
"117",2012-10-15,22.583929,22.683214,22.280357,22.67,19.407282,432502000,"1","1","1","1","1"
"118",2012-10-16,22.691786,23.225,22.535713,23.206785,19.866816,549771600,"0","1","0","1","0"
"119",2012-10-17,23.173929,23.313929,23,23.021786,19.708439,389037600,"0","0","0","0","0"
"120",2012-10-18,22.842501,22.930714,22.5,22.594286,19.342464,476624400,"0","0","0","0","0"
"121",2012-10-19,22.5375,22.563213,21.772142,21.780001,18.645376,744086000,"1","0","1","1","1"
"122",2012-10-22,21.872143,22.692142,21.812857,22.643929,19.384964,546730800,"0","1","0","1","0"
"123",2012-10-23,22.535713,22.639286,21.84643,21.905714,18.752991,707145600,"1","0","1","0","1"
"124",2012-10-24,22.194286,22.376785,21.808571,22.029642,18.859091,558527200,"1","0","0","0","1"
"125",2012-10-25,22.142857,22.214287,21.626785,21.769285,18.636198,656325600,"0","0","0","0","0"
"126",2012-10-26,21.765356,21.928572,21.107143,21.571428,18.466818,1018432800,"0","0","0","0","0"
"127",2012-10-31,21.245714,21.498571,20.989286,21.261429,18.201439,510003200,"1","1","1","1","1"
"128",2012-11-01,21.365,21.535713,21.220358,21.305,18.238741,361298000,"0","0","0","0","0"
"129",2012-11-02,21.281786,21.319643,20.526787,20.6,17.635204,599373600,"1","0","1","0","1"
"130",2012-11-05,20.84,20.991785,20.628571,20.879286,17.874292,529135600,"1","1","0","0","1"
"131",2012-11-06,21.079643,21.097857,20.717501,20.816071,17.820173,374917200,"0","0","0","0","0"
"132",2012-11-07,20.494286,20.519285,19.848213,19.928572,17.138332,793648800,"1","0","0","0","1"
"133",2012-11-08,20.022499,20.079643,19.1175,19.205357,16.516375,1056146000,"1","0","1","0","1"
"134",2012-11-09,19.300714,19.817142,19.061428,19.537857,16.80232,929913600,"1","1","0","1","1"
"135",2012-11-12,19.791071,19.803572,19.237499,19.386786,16.672398,515802000,"0","0","1","0","0"
"136",2012-11-13,19.246786,19.66,19.155714,19.389286,16.674543,532949200,"1","1","0","0","1"
"137",2012-11-14,19.482143,19.551786,19.149286,19.174286,16.489651,477170400,"1","0","0","0","1"
"138",2012-11-15,19.1975,19.267857,18.665001,18.772142,16.14381,789910800,"0","0","1","0","0"
"139",2012-11-16,18.757143,18.928572,18.0625,18.845715,16.207083,1266893600,"1","1","1","1","1"
"140",2012-11-19,19.311071,20.267857,19.281429,20.204643,17.375746,823317600,"1","1","0","1","1"
"141",2012-11-20,20.425358,20.426786,19.806429,20.032499,17.227705,642754000,"1","0","1","0","1"
"142",2012-11-21,20.151787,20.263214,19.878571,20.060715,17.251966,373002000,"1","1","1","1","1"
"143",2012-11-23,20.256071,20.428572,20.092857,20.410713,17.552971,272826400,"1","1","1","1","1"
"144",2012-11-26,20.567858,21.071428,20.489643,21.054644,18.106737,630579600,"1","1","0","1","1"
"145",2012-11-27,21.055357,21.08643,20.717857,20.885,17.960848,533330000,"0","0","0","0","0"
"146",2012-11-28,20.616785,20.921429,20.437857,20.819286,17.904337,520864400,"1","1","1","1","1"
"147",2012-11-29,21.079287,21.223213,20.901787,21.048571,18.101517,514698800,"0","0","0","0","0"
"148",2012-11-30,20.956785,21.014286,20.809999,20.902857,17.976202,391319600,"1","1","1","0","1"
"149",2012-12-03,21.201786,21.235357,20.910713,20.935356,18.004154,364280000,"0","0","0","0","0"
"150",2012-12-04,20.77857,20.77857,20.433214,20.566071,17.686569,557068400,"0","0","0","0","0"
"151",2012-12-05,20.318214,20.330357,19.241785,19.2425,16.548311,1044638000,"0","0","1","0","0"
"152",2012-12-06,18.890715,19.76107,18.522499,19.544287,16.807842,1177212400,"1","1","0","1","1"
"153",2012-12-07,19.764286,19.828571,18.928572,19.044643,16.378164,787040800,"0","0","0","0","0"
"154",2012-12-10,18.75,19.2325,18.627857,18.922144,16.272816,630484400,"1","1","1","1","1"
"155",2012-12-11,19.2775,19.627144,19.191786,19.335358,16.628174,592345600,"1","1","0","0","1"
"156",2012-12-12,19.563213,19.571428,19.1525,19.25,16.554766,487144000,"0","0","0","0","0"
"157",2012-12-13,18.969643,19.201429,18.77857,18.9175,16.268814,625259600,"0","0","0","0","0"
"158",2012-12-14,18.383928,18.504642,18.056429,18.206785,15.657615,1009579200,"0","0","1","1","0"
"159",2012-12-17,18.176071,18.571428,17.901072,18.529642,15.935265,757607200,"1","1","1","1","1"
"160",2012-12-18,18.75,19.103571,18.580357,19.067858,16.398121,625685200,"0","1","0","1","0"
"161",2012-12-19,18.981071,19.060715,18.767857,18.796785,16.16501,449369200,"1","0","0","0","1"
"162",2012-12-20,18.928572,18.935715,18.531429,18.633215,16.024343,481689600,"0","0","0","0","0"
"163",2012-12-21,18.3025,18.559643,18.222857,18.547501,15.950624,596268400,"1","1","1","1","1"
"164",2012-12-24,18.583929,18.723213,18.525356,18.577499,15.976426,175753200,"0","0","0","0","0"
"165",2012-12-26,18.535713,18.552143,18.254286,18.321428,15.7562,302436400,"1","0","1","0","1"
"166",2012-12-27,18.340714,18.4375,18.023571,18.395,15.819477,455120400,"0","0","0","0","0"
"167",2012-12-28,18.224644,18.374287,18.147142,18.199642,15.651472,354278400,"1","1","1","1","1"
"168",2012-12-31,18.233213,19.121429,18.178572,19.006071,16.344994,659492400,"1","1","1","1","1"
"169",2013-01-02,19.779285,19.821428,19.343929,19.608213,16.862822,560518000,"0","0","0","0","0"
"170",2013-01-03,19.567142,19.631071,19.321428,19.360714,16.649977,352965200,"0","0","0","0","0"
"171",2013-01-04,19.1775,19.236786,18.779642,18.821428,16.186201,594333600,"0","0","0","0","0"
"172",2013-01-07,18.642857,18.90357,18.4,18.710714,16.090982,484156400,"1","1","1","1","1"
"173",2013-01-08,18.900356,18.996071,18.616072,18.76107,16.134293,458707200,"0","0","0","0","0"
"174",2013-01-09,18.660713,18.750357,18.428213,18.467857,15.882129,407604400,"1","1","1","1","1"
"175",2013-01-10,18.876785,18.882856,18.411428,18.696787,16.079012,601146000,"0","0","0","0","0"
"176",2013-01-11,18.607143,18.761429,18.536428,18.582144,15.980415,350506800,"0","0","0","0","0"
"177",2013-01-14,17.952856,18.125,17.803928,17.919643,15.410671,734207600,"0","0","0","0","0"
"178",2013-01-15,17.796429,17.821072,17.263571,17.354286,14.924476,876772400,"1","0","1","1","1"
"179",2013-01-16,17.665714,18.194286,17.589287,18.074642,15.543968,690804800,"1","1","0","1","1"
"180",2013-01-17,18.225357,18.241072,17.929644,17.952856,15.439234,453678400,"0","0","0","0","0"
"181",2013-01-18,17.804285,17.936428,17.728571,17.857143,15.356922,472922800,"1","1","1","1","1"
"182",2013-01-22,18.02,18.138571,17.736786,18.0275,15.503434,461546400,"1","1","1","1","1"
"183",2013-01-23,18.171785,18.3925,18.0275,18.3575,15.787226,861509600,"0","0","0","0","0"
"184",2013-01-24,16.428572,16.633215,16.080357,16.089287,13.836589,1460852400,"1","0","0","0","1"
"185",2013-01-25,16.131786,16.293928,15.535714,15.71,13.510409,1208026400,"0","0","1","0","0"
"186",2013-01-28,15.636786,16.186071,15.566429,16.065357,13.81601,785517600,"1","1","1","1","1"
"187",2013-01-29,16.375,16.435715,16.147142,16.366785,14.075233,571158000,"0","0","0","0","0"
"188",2013-01-30,16.321428,16.521429,16.232143,16.315357,14.031009,417155200,"1","0","0","0","1"
"189",2013-01-31,16.320715,16.402857,16.249287,16.2675,13.98985,319334400,"1","1","0","0","1"
"190",2013-02-01,16.396786,16.41,16.012501,16.200714,13.932417,539484400,"1","0","0","0","1"
"191",2013-02-04,16.211071,16.283571,15.785714,15.797143,13.585351,477117200,"1","0","1","1","1"
"192",2013-02-05,15.858929,16.419287,15.793571,16.351429,14.062029,573347600,"0","1","0","1","0"
"193",2013-02-06,16.3025,16.660713,16.16357,16.333929,14.04698,593706400,"1","1","1","1","1"
"194",2013-02-07,16.544643,16.785713,16.218571,16.722143,14.464649,704580800,"1","1","1","1","1"
"195",2013-02-08,16.928572,17.100357,16.723213,16.963572,14.673483,633158400,"1","1","1","1","1"
"196",2013-02-11,17.017857,17.319286,16.901787,17.140356,14.826402,517490400,"0","1","0","0","0"
"197",2013-02-12,17.125357,17.227858,16.705,16.710714,14.454761,609053200,"0","0","0","0","0"
"198",2013-02-13,16.686071,16.915714,16.543571,16.678928,14.42727,475207600,"0","0","0","0","0"
"199",2013-02-14,16.59,16.844286,16.572144,16.663929,14.4143,355275200,"1","1","0","0","1"
"200",2013-02-15,16.744642,16.79143,16.425714,16.434286,14.215654,391745200,"1","0","0","0","1"
"201",2013-02-19,16.467857,16.526072,16.208929,16.428213,14.210402,435783600,"0","0","0","0","0"
"202",2013-02-20,16.346071,16.346071,16.02857,16.030357,13.866257,476302400,"0","0","0","0","0"
"203",2013-02-21,15.928571,16.041786,15.815,15.930714,13.780063,447182400,"1","1","1","1","1"
"204",2013-02-22,16.044643,16.128571,15.95,16.100357,13.926807,330654800,"1","1","0","0","1"
"205",2013-02-25,16.208929,16.254286,15.806071,15.814286,13.679356,372579200,"1","0","1","0","1"
"206",2013-02-26,15.850714,16.126429,15.630714,16.034643,13.869964,501499600,"0","1","0","1","0"
"207",2013-02-27,16.015356,16.158571,15.7375,15.8775,13.734035,587350400,"0","0","0","0","0"
"208",2013-02-28,15.858929,15.995357,15.764286,15.764286,13.636104,322515200,"0","0","0","0","0"
"209",2013-03-01,15.642857,15.649286,15.356429,15.373929,13.298444,552448400,"0","0","0","0","0"
"210",2013-03-04,15.278571,15.292857,14.964286,15.001786,12.976542,582755600,"1","0","1","1","1"
"211",2013-03-05,15.052857,15.5425,15.026786,15.397857,13.319141,638433600,"1","1","0","1","1"
"212",2013-03-06,15.518214,15.544643,15.158214,15.202143,13.149849,460250000,"0","0","1","0","0"
"213",2013-03-07,15.160714,15.428929,15.037857,15.377857,13.301843,468473600,"0","1","1","1","0"
"214",2013-03-08,15.35,15.551071,15.3075,15.418571,13.337061,391482000,"0","0","1","1","0"
"215",2013-03-11,15.348214,15.678929,15.183571,15.638214,13.527051,474236000,"0","1","0","0","0"
"216",2013-03-12,15.557143,15.674286,15.270357,15.301071,13.235424,465911600,"1","0","0","0","1"
"217",2013-03-13,15.301786,15.517857,15.191429,15.298214,13.232952,405549200,"1","1","1","1","1"
"218",2013-03-14,15.458214,15.522857,15.373214,15.446429,13.361158,303875600,"1","1","1","1","1"
"219",2013-03-15,15.640357,15.865357,15.616071,15.845,13.705926,643960800,"0","1","1","1","0"
"220",2013-03-18,15.766071,16.337856,15.757143,16.275715,14.078487,606197200,"1","1","0","1","1"
"221",2013-03-19,16.410713,16.463215,16.017857,16.231787,14.040492,526775200,"1","0","0","0","1"
"222",2013-03-20,16.33643,16.343929,16.056786,16.145714,13.966041,308660800,"0","0","1","0","0"
"223",2013-03-21,16.079287,16.356428,16.075001,16.168928,13.986119,383255600,"1","1","1","1","1"
"224",2013-03-22,16.235001,16.503571,16.182501,16.496786,14.269714,395105200,"1","1","1","1","1"
"225",2013-03-25,16.596071,16.78393,16.492144,16.556429,14.321308,501135600,"1","1","0","0","1"
"226",2013-03-26,16.622856,16.637142,16.4475,16.469286,14.245934,294294000,"0","0","0","0","0"
"227",2013-03-27,16.302143,16.314285,16.0975,16.145714,13.966041,331237200,"0","0","0","0","0"
"228",2013-03-28,16.065001,16.136429,15.772143,15.809286,13.67503,442839600,"0","0","0","0","0"
"229",2013-04-01,15.782143,15.846429,15.276429,15.318214,13.250253,389732000,"0","0","1","0","0"
"230",2013-04-02,15.271429,15.647857,15.228571,15.349643,13.27744,529519200,"1","1","1","1","1"
"231",2013-04-03,15.406071,15.617143,15.368214,15.428214,13.345403,363216000,"1","1","0","0","1"
"232",2013-04-04,15.491429,15.535714,15.1875,15.275714,13.21349,358447600,"0","0","0","0","0"
"233",2013-04-05,15.160714,15.176786,14.988571,15.114286,13.073855,383695200,"1","1","1","1","1"
"234",2013-04-08,15.173214,15.267857,15.088929,15.221786,13.166844,300829200,"1","1","1","1","1"
"235",2013-04-09,15.227143,15.303571,15.098214,15.249286,13.190629,306614000,"1","1","1","1","1"
"236",2013-04-10,15.289286,15.609286,15.214643,15.560357,13.459706,375928000,"0","1","0","1","0"
"237",2013-04-11,15.49,15.6425,15.4,15.511786,13.417694,328364400,"0","1","0","0","0"
"238",2013-04-12,15.505357,15.505357,15.324643,15.35,13.277746,238613200,"0","0","0","0","0"
"239",2013-04-15,15.25,15.281786,14.983929,14.994643,12.970364,317520000,"1","0","1","0","1"
"240",2013-04-16,15.056071,15.236071,15.020357,15.222857,13.167768,305771200,"0","0","0","0","0"
"241",2013-04-17,15.009643,15.021429,14.218214,14.385714,12.443639,945056000,"1","0","0","0","1"
"242",2013-04-18,14.463929,14.4925,13.919286,14.001786,12.111542,666299200,"0","0","0","0","0"
"243",2013-04-19,13.856071,14.271429,13.753571,13.9475,12.064584,609274400,"1","1","1","1","1"
"244",2013-04-22,14.022857,14.364286,13.973929,14.238214,12.316049,429920400,"1","1","1","1","1"
"245",2013-04-23,14.428214,14.585,14.243214,14.504643,12.546515,664238400,"0","0","0","1","0"
"246",2013-04-24,14.055,14.830357,14.017857,14.480714,12.525812,969651200,"1","1","1","1","1"
"247",2013-04-25,14.686786,14.783571,14.535714,14.585,12.616023,384837600,"1","0","1","1","1"
"248",2013-04-26,14.636071,14.956071,14.580357,14.9,12.888496,764097600,"1","1","1","1","1"
"249",2013-04-29,15.016071,15.486429,15,15.361429,13.287635,640326400,"1","1","1","1","1"
"250",2013-04-30,15.539286,15.901786,15.431071,15.813571,13.67874,691538400,"1","1","0","1","1"
"251",2013-05-01,15.873571,15.890357,15.513929,15.688929,13.570923,506909200,"1","0","1","1","1"
"252",2013-05-02,15.777857,16.02107,15.736786,15.911429,13.76338,421828400,"1","1","1","1","1"
"253",2013-05-03,16.118214,16.186787,16.041071,16.070715,13.901167,361300800,"1","1","1","1","1"
"254",2013-05-06,16.275356,16.507143,16.225357,16.45393,14.232648,496641600,"1","1","0","1","1"
"255",2013-05-07,16.606071,16.633928,16.203571,16.380714,14.169317,483753200,"1","0","1","0","1"
"256",2013-05-08,16.394285,16.620358,16.278929,16.565714,14.329338,472598000,"0","1","0","0","0"
"257",2013-05-09,16.421785,16.535713,16.270714,16.313213,14.204331,398487600,"1","0","0","0","1"
"258",2013-05-10,16.356071,16.418215,16.088572,16.1775,14.08616,334852000,"0","0","1","0","0"
"259",2013-05-13,16.125357,16.353571,16.125,16.240713,14.141202,316948800,"0","1","0","0","0"
"260",2013-05-14,16.208929,16.257143,15.791071,15.852143,13.802863,447118000,"0","0","0","0","0"
"261",2013-05-15,15.684286,15.75,15.084286,15.316071,13.336094,741613600,"0","0","1","0","0"
"262",2013-05-16,15.115714,15.6375,14.960714,15.520714,13.514277,603204000,"1","1","0","1","1"
"263",2013-05-17,15.680357,15.7175,15.393214,15.473571,13.473233,427904400,"0","0","1","1","0"
"264",2013-05-20,15.425357,15.921429,15.360714,15.818929,13.773944,451578400,"0","1","0","1","0"
"265",2013-05-21,15.648214,15.91,15.507143,15.702143,13.672256,456022000,"1","1","1","1","1"
"266",2013-05-22,15.858929,16.012501,15.650714,15.7625,13.724805,443038400,"0","0","1","0","0"
"267",2013-05-23,15.569643,15.934286,15.563929,15.790714,13.749372,353021200,"0","1","1","1","0"
"268",2013-05-24,15.744643,15.916429,15.727143,15.898214,13.842978,276166800,"1","1","0","1","1"
"269",2013-05-28,16.067858,16.111071,15.744643,15.765714,13.727606,386145200,"0","0","1","0","0"
"270",2013-05-29,15.714286,15.982143,15.692857,15.891071,13.836761,330576400,"1","1","1","1","1"
"271",2013-05-30,15.916071,16.232143,15.875357,16.127857,14.042936,353519600,"1","1","0","1","1"
"272",2013-05-31,16.160713,16.325001,16.053572,16.061787,13.985405,384302800,"1","0","1","0","1"
"273",2013-06-03,16.0975,16.155714,15.802857,16.097143,14.016192,372352400,"1","1","0","0","1"
"274",2013-06-04,16.186428,16.229643,15.978214,16.046785,13.972342,292728800,"0","0","0","0","0"
"275",2013-06-05,15.916071,16.097143,15.846786,15.896786,13.841736,290589600,"1","0","0","0","1"
"276",2013-06-06,15.909643,15.964286,15.501786,15.659286,13.634936,416934000,"0","0","1","0","0"
"277",2013-06-07,15.589286,15.83,15.456071,15.778929,13.739117,404535600,"1","1","0","1","1"
"278",2013-06-10,15.883214,16.03857,15.6,15.674643,13.648311,450153200,"0","0","0","0","0"
"279",2013-06-11,15.562143,15.812857,15.475714,15.628571,13.608193,286112400,"1","1","0","0","1"
"280",2013-06-12,15.696429,15.758929,15.410714,15.435357,13.439957,265227200,"1","0","1","0","1"
"281",2013-06-13,15.446429,15.612143,15.3125,15.57,13.557194,285832400,"0","1","0","0","0"
"282",2013-06-14,15.55,15.581786,15.303571,15.358929,13.37341,271866000,"1","0","1","0","1"
"283",2013-06-17,15.408571,15.560714,15.37,15.428571,13.434047,259414400,"0","1","0","1","0"
"284",2013-06-18,15.412857,15.532143,15.364643,15.420357,13.426894,195025600,"0","0","0","0","0"
"285",2013-06-19,15.407143,15.416429,15.107143,15.107143,13.154173,310940000,"0","0","0","0","0"
"286",2013-06-20,14.975,15.213571,14.8275,14.887143,12.962613,357310800,"1","0","0","0","1"
"287",2013-06-21,14.946071,15,14.575,14.767857,12.858748,481118400,"0","0","0","0","0"
"288",2013-06-24,14.55,14.595,14.216071,14.376429,12.517925,480746000,"1","0","1","0","1"
"289",2013-06-25,14.489286,14.563929,14.243929,14.379643,12.52072,314162800,"1","0","0","0","1"
"290",2013-06-26,14.425,14.456786,14.130714,14.216786,12.378914,367724000,"1","0","0","0","1"
"291",2013-06-27,14.258929,14.335357,14.055,14.063571,12.245508,337246000,"0","0","1","0","0"
"292",2013-06-28,13.977143,14.295357,13.888214,14.161786,12.331025,578516400,"1","1","1","1","1"
"293",2013-07-01,14.381786,14.723929,14.329286,14.615,12.725652,391053600,"1","1","1","1","1"
"294",2013-07-02,14.641429,15.058214,14.623929,14.946071,13.013923,469865200,"1","1","1","1","1"
"295",2013-07-03,15.030714,15.106429,14.908929,15.028571,13.08576,240928800,"0","0","0","0","0"
"296",2013-07-05,15.013929,15.1175,14.833929,14.907857,12.980651,274024800,"1","0","0","0","1"
"297",2013-07-08,15.003929,15.035714,14.666071,14.823214,12.906948,298138400,"0","0","1","1","0"
"298",2013-07-09,14.771429,15.125,14.656429,15.083929,13.133961,352584400,"0","1","0","1","0"
"299",2013-07-10,14.985714,15.171429,14.9375,15.026071,13.083583,281405600,"1","1","1","1","1"
"300",2013-07-11,15.105357,15.294643,15.041786,15.260357,13.28758,326292400,"1","1","0","1","1"
"301",2013-07-12,15.273214,15.349643,15.121786,15.2325,13.263323,279563200,"0","0","1","0","0"
"302",2013-07-15,15.178929,15.409286,15.171429,15.265714,13.292246,241917200,"0","1","1","1","0"
"303",2013-07-16,15.232857,15.3825,15.148929,15.364286,13.378075,216538000,"0","1","1","1","0"
"304",2013-07-17,15.346429,15.436429,15.293571,15.368214,13.381493,198990400,"1","1","1","1","1"
"305",2013-07-18,15.477857,15.531071,15.378929,15.42,13.426586,218878800,"1","0","0","0","1"
"306",2013-07-19,15.467857,15.499286,15.155357,15.176786,13.214814,268721600,"1","0","1","0","1"
"307",2013-07-22,15.337857,15.348214,15.195357,15.225357,13.257102,207796400,"0","0","0","0","0"
"308",2013-07-23,15.214286,15.248571,14.953929,14.963929,13.029472,369395600,"1","1","1","1","1"
"309",2013-07-24,15.676071,15.878214,15.545,15.7325,13.698689,591936800,"1","1","0","0","1"
"310",2013-07-25,15.739286,15.764286,15.564643,15.660714,13.636182,229493600,"0","0","1","1","0"
"311",2013-07-26,15.546429,15.751429,15.512143,15.749643,13.713613,200152400,"0","1","1","1","0"
"312",2013-07-29,15.742857,16.071072,15.721429,15.9925,13.925076,248057600,"1","1","1","1","1"
"313",2013-07-30,16.07,16.326786,16.043928,16.190001,14.097046,309422400,"1","1","0","1","1"
"314",2013-07-31,16.249643,16.33357,16.051071,16.161785,14.072475,322957600,"1","1","1","1","1"
"315",2013-08-01,16.276787,16.314285,16.187857,16.309999,14.20153,206250800,"1","1","1","1","1"
"316",2013-08-02,16.3575,16.530357,16.309286,16.519285,14.383763,274783600,"1","1","1","1","1"
"317",2013-08-05,16.596071,16.809643,16.505358,16.766071,14.598647,318855600,"0","1","0","1","0"
"318",2013-08-06,16.715,16.853214,16.506071,16.616072,14.468035,334857600,"0","0","0","0","0"
"319",2013-08-07,16.564285,16.678572,16.491785,16.606428,14.45964,298858000,"0","1","0","0","0"
"320",2013-08-08,16.566429,16.575001,16.355356,16.464643,14.430841,255777200,"0","0","0","0","0"
"321",2013-08-09,16.379999,16.445,16.201786,16.230356,14.225495,266865200,"1","0","1","1","1"
"322",2013-08-12,16.316429,16.737499,16.308214,16.691429,14.629615,364434000,"1","1","1","1","1"
"323",2013-08-13,16.819286,17.66643,16.71607,17.484644,15.324846,881941200,"1","1","1","1","1"
"324",2013-08-14,17.781429,18.008928,17.621429,17.803572,15.60438,756372400,"0","0","0","1","0"
"325",2013-08-15,17.729286,17.942858,17.467142,17.782499,15.58591,490294000,"1","1","1","1","1"
"326",2013-08-16,17.862499,17.962143,17.816429,17.940357,15.724272,362306000,"1","1","1","1","1"
"327",2013-08-19,18.012142,18.347857,18,18.133572,15.893611,510518400,"1","1","0","0","1"
"328",2013-08-20,18.20393,18.234644,17.886429,17.895357,15.684834,358688400,"1","0","1","0","1"
"329",2013-08-21,17.985357,18.112499,17.9,17.941429,15.725207,335879600,"1","1","1","0","1"
"330",2013-08-22,18.035,18.056786,17.792856,17.962856,15.743987,244207600,"1","0","0","0","1"
"331",2013-08-23,17.973928,17.976786,17.833929,17.893572,15.683257,222731600,"0","0","1","0","0"
"332",2013-08-26,17.883928,18.22143,17.875,17.963215,15.7443,330965600,"0","0","0","0","0"
"333",2013-08-27,17.785713,17.946787,17.367857,17.449642,15.294169,424188800,"0","0","1","0","0"
"334",2013-08-28,17.357143,17.707144,17.357143,17.532143,15.366477,307608000,"1","1","1","1","1"
"335",2013-08-29,17.558929,17.732143,17.540358,17.560715,15.391521,239657600,"1","1","0","0","1"
"336",2013-08-30,17.571428,17.605356,17.375,17.400715,15.251283,272297200,"1","1","1","0","1"
"337",2013-09-03,17.610714,17.878571,17.405357,17.449286,15.293851,331928800,"1","1","1","1","1"
"338",2013-09-04,17.841429,17.937143,17.724285,17.810356,15.610324,345032800,"1","1","0","0","1"
"339",2013-09-05,17.866072,17.88143,17.629999,17.688213,15.503268,236367600,"1","0","1","0","1"
"340",2013-09-06,17.80143,17.834999,17.498215,17.793571,15.595613,359525600,"1","1","1","1","1"
"341",2013-09-09,18.035713,18.139999,17.981428,18.077499,15.844468,340687200,"1","1","0","0","1"
"342",2013-09-10,18.078571,18.123215,17.482143,17.665714,15.483547,743195600,"0","0","0","0","0"
"343",2013-09-11,16.678928,16.9175,16.600357,16.70393,14.640565,898696400,"1","1","1","1","1"
"344",2013-09-12,16.732143,16.978571,16.643213,16.881786,14.796453,404051200,"0","1","0","0","0"
"345",2013-09-13,16.762142,16.85107,16.59643,16.603571,14.552608,298835600,"0","0","0","0","0"
"346",2013-09-16,16.464287,16.486071,15.972143,16.075714,14.089953,543706800,"0","0","1","0","0"
"347",2013-09-17,15.998571,16.418215,15.982143,16.261429,14.25273,399380800,"1","1","1","1","1"
"348",2013-09-18,16.542143,16.655357,16.452143,16.595715,14.545722,456862000,"1","1","1","1","1"
"349",2013-09-19,16.810715,16.993929,16.758928,16.867857,14.784247,404541200,"1","1","0","0","1"
"350",2013-09-20,17.071428,17.09107,16.642857,16.693214,14.631178,699302800,"1","1","1","1","1"
"351",2013-09-23,17.717857,17.746786,17.235714,17.522858,15.358341,762106800,"1","0","0","0","1"
"352",2013-09-24,17.674286,17.695356,17.422144,17.467857,15.310132,364344400,"1","0","0","0","1"
"353",2013-09-25,17.47143,17.487143,17.19393,17.1975,15.073174,316957200,"1","0","1","0","1"
"354",2013-09-26,17.357143,17.44857,17.282143,17.365,15.219976,237221600,"0","0","0","0","0"
"355",2013-09-27,17.277857,17.309643,17.168571,17.241072,15.111363,228040400,"0","0","0","0","0"
"356",2013-09-30,17.044643,17.202143,16.943214,17.026787,14.923543,260156400,"1","1","1","1","1"
"357",2013-10-01,17.0875,17.469286,17.084999,17.427143,15.274447,353883600,"0","1","1","1","0"
"358",2013-10-02,17.343929,17.564285,17.276787,17.484285,15.324532,289184000,"1","1","0","0","1"
"359",2013-10-03,17.518213,17.583929,17.169287,17.264643,15.132022,322753200,"1","0","0","0","1"
"360",2013-10-04,17.280714,17.307142,17.092857,17.251072,15.120128,258868400,"1","1","1","1","1"
"361",2013-10-07,17.377144,17.594643,17.333929,17.419643,15.267869,312292400,"1","1","0","0","1"
"362",2013-10-08,17.497856,17.522858,17.162144,17.17643,15.054705,290917200,"1","0","1","0","1"
"363",2013-10-09,17.308571,17.42107,17.081429,17.378214,15.231563,301725200,"1","1","1","1","1"
"364",2013-10-10,17.547144,17.584999,17.394285,17.487143,15.327029,278602800,"0","0","1","1","0"
"365",2013-10-11,17.3925,17.637142,17.327143,17.600357,15.426269,267738800,"0","1","1","1","0"
"366",2013-10-14,17.493929,17.770714,17.476786,17.715714,15.527372,261898000,"1","1","1","1","1"
"367",2013-10-15,17.768213,17.928572,17.697144,17.809999,15.610008,320073600,"1","1","1","1","1"
"368",2013-10-16,17.885357,17.9475,17.829643,17.896786,15.686078,251101200,"0","0","1","1","0"
"369",2013-10-17,17.856428,18.027857,17.845715,18.017857,15.792192,253593200,"1","1","1","1","1"
"370",2013-10-18,18.071072,18.187857,18.061071,18.174643,15.929611,290542000,"1","1","1","1","1"
"371",2013-10-21,18.2775,18.725,18.268572,18.620001,16.319954,398106800,"1","1","0","1","1"
"372",2013-10-22,18.800358,18.873215,18.143929,18.566786,16.273321,534063600,"0","0","1","0","0"
"373",2013-10-23,18.535713,18.77393,18.535713,18.748571,16.432646,313723200,"1","1","1","1","1"
"374",2013-10-24,18.75,19.016787,18.65893,18.996786,16.650204,384764800,"0","1","0","1","0"
"375",2013-10-25,18.975714,19.043928,18.753929,18.784286,16.463947,337792000,"1","0","1","0","1"
"376",2013-10-28,18.894285,18.964287,18.686071,18.924286,16.586655,550440800,"1","1","0","0","1"
"377",2013-10-29,19.1525,19.258928,18.376429,18.452856,16.173458,635807200,"1","0","1","0","1"
"378",2013-10-30,18.557501,18.84,18.465,18.746429,16.430769,354163600,"1","1","0","1","1"
"379",2013-10-31,18.75,18.838928,18.616785,18.667856,16.361898,275696400,"1","0","0","0","1"
"380",2013-11-01,18.715,18.742857,18.422857,18.5725,16.278318,274890000,"1","0","1","1","1"
"381",2013-11-04,18.610714,18.815001,18.528929,18.8125,16.488676,244627600,"0","1","0","1","0"
"382",2013-11-05,18.735001,18.888929,18.678572,18.766071,16.447981,265213200,"0","0","0","0","0"
"383",2013-11-06,18.719643,18.745001,18.507143,18.604286,16.401382,223375600,"0","0","0","0","0"
"384",2013-11-07,18.556429,18.685356,18.299286,18.303213,16.135962,262620400,"1","0","1","1","1"
"385",2013-11-08,18.377857,18.611786,18.306786,18.591429,16.390047,279316800,"0","1","0","1","0"
"386",2013-11-11,18.571072,18.631071,18.371786,18.5375,16.342516,227452400,"0","0","1","1","0"
"387",2013-11-12,18.488214,18.71143,18.464287,18.571787,16.372736,204276800,"0","1","1","1","0"
"388",2013-11-13,18.5,18.651787,18.462856,18.593929,16.392252,197220800,"1","1","1","1","1"
"389",2013-11-14,18.671785,18.902857,18.638214,18.862858,16.629337,282419200,"0","1","0","1","0"
"390",2013-11-15,18.806429,18.89607,18.731787,18.749643,16.529531,317920400,"1","0","0","0","1"
"391",2013-11-18,18.749643,18.828215,18.507143,18.522499,16.329283,244944000,"1","0","1","0","1"
"392",2013-11-19,18.536785,18.692142,18.498928,18.555357,16.358252,208938800,"0","1","0","0","0"
"393",2013-11-20,18.543928,18.58643,18.368929,18.392857,16.214985,193916800,"1","0","1","1","1"
"394",2013-11-21,18.485714,18.614643,18.345358,18.612143,16.40831,262026800,"0","1","0","1","0"
"395",2013-11-22,18.554285,18.648571,18.518929,18.564285,16.366117,223725600,"1","1","1","1","1"
"396",2013-11-25,18.607857,18.781071,18.607143,18.705,16.490177,229311600,"1","1","1","1","1"
"397",2013-11-26,18.718571,19.147858,18.714287,19.049999,16.794323,401382800,"1","1","1","1","1"
"398",2013-11-27,19.153929,19.5,19.049999,19.498571,17.189781,363448400,"1","1","1","1","1"
"399",2013-11-29,19.624287,19.940357,19.564644,19.859644,17.508099,318127600,"1","1","0","1","1"
"400",2013-12-02,19.928572,20.154642,19.672144,19.686787,17.355713,472544800,"1","1","1","1","1"
"401",2013-12-03,19.939285,20.227858,19.917143,20.225714,17.830826,450968000,"0","1","0","1","0"
"402",2013-12-04,20.196428,20.328215,20.029285,20.178572,17.789263,377809600,"1","1","1","1","1"
"403",2013-12-05,20.451786,20.540714,20.22893,20.282143,17.880568,447580000,"0","0","0","0","0"
"404",2013-12-06,20.206785,20.241072,19.984644,20.000713,17.632467,344352400,"1","0","1","1","1"
"405",2013-12-09,20.032143,20.342142,20.032143,20.229643,17.834291,320493600,"0","1","0","1","0"
"406",2013-12-10,20.127857,20.281429,20.042856,20.198214,17.806578,278269600,"1","1","0","0","1"
"407",2013-12-11,20.25,20.391787,19.98893,20.048571,17.674654,359718800,"1","0","0","0","1"
"408",2013-12-12,20.076429,20.190714,20.001072,20.019285,17.648836,262290000,"1","1","0","0","1"
"409",2013-12-13,20.101786,20.102858,19.77393,19.801071,17.456463,332822000,"1","0","1","0","1"
"410",2013-12-16,19.822144,20.094286,19.821787,19.910713,17.553123,282592800,"0","1","0","0","0"
"411",2013-12-17,19.850357,19.98,19.763571,19.821072,17.474096,229902400,"0","0","0","0","0"
"412",2013-12-18,19.632143,19.694643,19.242857,19.670357,17.341228,565863200,"0","0","0","0","0"
"413",2013-12-19,19.625,19.642857,19.418928,19.445,17.14255,320308800,"1","0","1","0","1"
"414",2013-12-20,19.479643,19.700357,19.457857,19.607857,17.286123,436413600,"1","1","1","1","1"
"415",2013-12-23,20.285713,20.382856,20.098572,20.360357,17.949526,501306400,"0","1","0","0","0"
"416",2013-12-24,20.353214,20.424286,20.215357,20.27393,17.873323,167554800,"1","0","0","0","1"
"417",2013-12-26,20.289286,20.339287,20.120714,20.139286,17.754637,204008000,"0","0","0","0","0"
"418",2013-12-27,20.136429,20.157499,19.982143,20.003214,17.634674,225884400,"0","0","0","0","0"
"419",2013-12-30,19.909286,20.003214,19.725714,19.804285,17.459299,253629600,"0","0","1","1","0"
"420",2013-12-31,19.791786,20.045713,19.785713,20.036428,17.663952,223084400,"0","1","0","0","0"
"421",2014-01-02,19.845715,19.893929,19.715,19.754642,17.415531,234684800,"0","0","0","0","0"
"422",2014-01-03,19.745001,19.775,19.301071,19.320715,17.032986,392467600,"0","0","1","0","0"
"423",2014-01-06,19.194643,19.52857,19.057142,19.426071,17.125872,412610800,"1","1","0","1","1"
"424",2014-01-07,19.440001,19.498571,19.21143,19.287144,17.003393,317209200,"0","0","1","0","0"
"425",2014-01-08,19.243214,19.484285,19.23893,19.409286,17.111065,258529600,"1","1","0","0","1"
"426",2014-01-09,19.52857,19.530714,19.119642,19.161428,16.892559,279148800,"1","0","0","0","1"
"427",2014-01-10,19.279642,19.314285,18.968214,19.033571,16.779842,304976000,"0","0","1","0","0"
"428",2014-01-13,18.925358,19.375,18.924286,19.133215,16.867687,378492800,"1","1","1","1","1"
"429",2014-01-14,19.222143,19.526072,19.202143,19.513929,17.203323,332561600,"1","1","1","1","1"
"430",2014-01-15,19.768572,20.007143,19.702143,19.905714,17.548708,391638800,"0","1","0","1","0"
"431",2014-01-16,19.817858,19.887501,19.702856,19.794643,17.450796,229278000,"0","0","0","0","0"
"432",2014-01-17,19.695715,19.716785,19.282143,19.309643,17.023228,426739600,"1","0","1","0","1"
"433",2014-01-21,19.321072,19.645357,19.300714,19.609644,17.287703,328526800,"1","1","1","1","1"
"434",2014-01-22,19.675358,19.903214,19.564644,19.696787,17.364529,379985200,"0","0","1","1","0"
"435",2014-01-23,19.640715,19.875,19.4575,19.863571,17.511559,403239200,"0","1","0","0","0"
"436",2014-01-24,19.785713,19.843571,19.455357,19.502501,17.193243,429354800,"1","0","1","0","1"
"437",2014-01-27,19.645357,19.814285,19.491072,19.660713,17.332724,554878800,"0","0","0","0","0"
"438",2014-01-28,18.17,18.392857,17.93107,18.089287,15.947367,1065523200,"0","0","0","0","0"
"439",2014-01-29,17.998215,18.120358,17.807858,17.883928,15.766326,502810000,"1","0","0","0","1"
"440",2014-01-30,17.947857,18.089287,17.739286,17.849285,15.735785,678501600,"0","0","1","0","0"
"441",2014-01-31,17.684999,17.911785,17.626785,17.878571,15.7616,464797200,"1","1","1","1","1"
"442",2014-02-03,17.950357,18.133215,17.832144,17.911785,15.790889,401464000,"1","1","1","1","1"
"443",2014-02-04,18.066071,18.195,17.955713,18.17107,16.019466,376681200,"0","1","1","1","0"
"444",2014-02-05,18.091429,18.402857,18.080357,18.306786,16.139116,328344800,"0","1","0","1","0"
"445",2014-02-06,18.216429,18.339287,18.13607,18.303928,16.233187,257765200,"1","1","1","1","1"
"446",2014-02-07,18.620714,18.676071,18.477858,18.559999,16.460285,370280400,"0","0","1","1","0"
"447",2014-02-10,18.523571,18.999643,18.5,18.8925,16.755171,345559200,"1","1","1","1","1"
"448",2014-02-11,18.950357,19.205357,18.910713,19.14143,16.975937,282256800,"1","1","0","1","1"
"449",2014-02-12,19.176786,19.27,19.044287,19.139999,16.974672,308100800,"0","0","1","1","0"
"450",2014-02-13,19.094999,19.458929,19.078571,19.44393,17.244209,307398000,"0","1","0","1","0"
"451",2014-02-14,19.373928,19.499287,19.32893,19.428213,17.230278,272924400,"1","1","1","1","1"
"452",2014-02-18,19.5,19.685356,19.486071,19.499643,17.293629,260251600,"0","0","0","0","0"
"453",2014-02-19,19.455357,19.531786,19.083929,19.191786,17.020601,313768000,"0","0","0","0","0"
"454",2014-02-20,19.035357,19.178572,18.892857,18.969643,16.823591,305858000,"1","0","0","0","1"
"455",2014-02-21,19.028214,19.091785,18.735714,18.758928,16.636711,278784800,"0","0","1","0","0"
"456",2014-02-24,18.683929,18.925714,18.657858,18.84107,16.709558,288909600,"1","1","0","0","1"
"457",2014-02-25,18.906429,18.913214,18.607143,18.645,16.535671,231952000,"1","0","0","0","1"
"458",2014-02-26,18.700357,18.75,18.414286,18.476786,16.386486,276217200,"0","0","1","1","0"
"459",2014-02-27,18.469286,18.885,18.430357,18.845358,16.713362,301882000,"1","1","0","1","1"
"460",2014-02-28,18.895714,19.026787,18.647142,18.794287,16.66807,371968800,"0","0","1","0","0"
"461",2014-03-03,18.693571,18.951786,18.671785,18.848572,16.716209,238781200,"1","1","1","1","1"
"462",2014-03-04,18.964287,19.022858,18.848928,18.972857,16.826433,259140000,"0","0","1","1","0"
"463",2014-03-05,18.96143,19.098213,18.897499,19.012857,16.861912,200062800,"1","1","0","0","1"
"464",2014-03-06,19.028214,19.087143,18.860714,18.955357,16.810923,185488800,"1","0","0","0","1"
"465",2014-03-07,18.967501,18.999287,18.7875,18.944286,16.8011,220729600,"0","0","1","0","0"
"466",2014-03-10,18.870001,19.047501,18.869286,18.96143,16.816303,178584000,"1","1","1","1","1"
"467",2014-03-11,19.123215,19.240713,19.02107,19.14607,16.980057,279224400,"0","0","1","1","0"
"468",2014-03-12,19.089643,19.191071,19,19.164642,16.996527,199326400,"1","1","0","0","1"
"469",2014-03-13,19.194286,19.273571,18.898571,18.951786,16.807751,257742800,"0","0","0","0","0"
"470",2014-03-14,18.885357,18.960358,18.678572,18.73893,16.618977,237199200,"1","0","1","0","1"
"471",2014-03-17,18.84643,18.9275,18.780357,18.812143,16.683907,199544800,"0","0","1","1","0"
"472",2014-03-18,18.782143,18.998928,18.757143,18.978571,16.831507,209647200,"1","1","0","1","1"
"473",2014-03-19,19.009287,19.151428,18.892857,18.973572,16.827072,224756000,"0","0","0","0","0"
"474",2014-03-20,18.924643,19.02393,18.833929,18.882143,16.745991,208398400,"1","1","1","1","1"
"475",2014-03-21,18.997499,19.0625,18.797501,19.031071,16.878063,374046400,"1","1","1","1","1"
"476",2014-03-24,19.229286,19.303572,19.109285,19.256786,17.078241,355700800,"1","1","1","1","1"
"477",2014-03-25,19.339287,19.491072,19.27107,19.463928,17.26195,282293200,"1","1","0","0","1"
"478",2014-03-26,19.518572,19.607143,19.245001,19.277857,17.096928,299768000,"1","0","0","0","1"
"479",2014-03-27,19.286428,19.339287,19.111429,19.195,17.023447,222031600,"1","0","0","0","1"
"480",2014-03-28,19.225714,19.247856,19.080357,19.173571,17.004446,200564000,"1","1","0","0","1"
"481",2014-03-31,19.258215,19.314644,19.140356,19.169287,17.000643,168669200,"1","0","1","1","1"
"482",2014-04-01,19.205713,19.352501,19.170357,19.344643,17.156164,200760000,"1","1","1","1","1"
"483",2014-04-02,19.370714,19.41,19.295,19.376785,17.184668,180420800,"0","0","0","0","0"
"484",2014-04-03,19.335358,19.375,19.201429,19.2425,17.065575,162344000,"1","0","0","0","1"
"485",2014-04-04,19.278929,19.285713,18.949286,18.99357,16.844805,275251200,"0","0","0","0","0"
"486",2014-04-07,18.857857,18.960714,18.638929,18.695356,16.58033,289850400,"1","0","0","0","1"
"487",2014-04-08,18.756786,18.790001,18.525,18.694286,16.579384,243888400,"0","0","1","1","0"
"488",2014-04-09,18.665714,18.946072,18.643572,18.940001,16.797295,206169600,"1","1","0","1","1"
"489",2014-04-10,18.952856,19.008572,18.684643,18.695715,16.58065,239652000,"0","0","0","0","0"
"490",2014-04-11,18.535713,18.672501,18.469286,18.557501,16.458071,271717600,"1","1","1","1","1"
"491",2014-04-14,18.639286,18.648571,18.471786,18.63143,16.523632,205674000,"0","0","0","0","0"
"492",2014-04-15,18.581072,18.629999,18.261786,18.498571,16.405811,266490000,"1","0","1","0","1"
"493",2014-04-16,18.501785,18.610357,18.362143,18.536072,16.439064,214765600,"1","1","1","1","1"
"494",2014-04-17,18.571428,18.848572,18.542856,18.747856,16.626886,284334400,"1","1","1","1","1"
"495",2014-04-21,18.762142,19.004999,18.712856,18.970358,16.824219,182548800,"0","1","1","1","0"
"496",2014-04-22,18.868214,18.993929,18.803572,18.989286,16.841005,202563200,"0","1","0","0","0"
"497",2014-04-23,18.895,18.968929,18.730356,18.741072,16.620876,394940000,"1","1","1","1","1"
"498",2014-04-24,20.293215,20.357143,20.026072,20.2775,17.983484,759911600,"0","0","1","1","0"
"499",2014-04-25,20.161785,20.428213,20.14143,20.42643,18.115562,390275200,"1","1","1","1","1"
"500",2014-04-28,20.457144,21.276787,20.448214,21.217501,18.817131,669485600,"0","1","0","1","0"
"501",2014-04-29,21.205,21.285,21.053928,21.154642,18.761393,337377600,"1","0","0","0","1"
"502",2014-04-30,21.165714,21.408215,21.064285,21.074642,18.690445,456640800,"1","0","1","0","1"
"503",2014-05-01,21.142857,21.242857,20.941429,21.124287,18.734478,244048000,"1","1","1","1","1"
"504",2014-05-02,21.155001,21.22143,21.061071,21.16357,18.769312,191514400,"0","0","1","1","0"
"505",2014-05-05,21.076429,21.464287,21.071428,21.462856,19.034742,287067200,"1","1","0","1","1"
"506",2014-05-06,21.492857,21.586071,21.22893,21.22893,18.827278,374564400,"1","0","0","0","1"
"507",2014-05-07,21.258928,21.331785,20.990356,21.154642,18.761393,282864400,"0","0","0","0","0"
"508",2014-05-08,21.008928,21.22893,20.942858,20.999643,18.727953,230297200,"0","0","0","0","0"
"509",2014-05-09,20.876429,20.9375,20.72607,20.912144,18.649918,291597600,"1","1","1","1","1"
"510",2014-05-12,20.981787,21.202143,20.978571,21.172501,18.882111,213208800,"0","1","1","1","0"
"511",2014-05-13,21.142857,21.23357,21.09643,21.205713,18.911728,159737200,"0","1","1","1","0"
"512",2014-05-14,21.158215,21.335714,21.133572,21.209642,18.915239,166404000,"1","1","0","0","1"
"513",2014-05-15,21.239286,21.307142,21.001429,21.029285,18.754389,230846000,"0","0","1","1","0"
"514",2014-05-16,21.022499,21.340357,20.907143,21.339643,19.031172,276256400,"1","1","1","1","1"
"515",2014-05-19,21.351786,21.690357,21.333214,21.592501,19.256676,317755200,"0","1","1","1","0"
"516",2014-05-20,21.589643,21.657143,21.454643,21.596786,19.260494,234836000,"0","0","1","1","0"
"517",2014-05-21,21.565357,21.667856,21.502144,21.653929,19.311453,196859600,"1","1","1","1","1"
"518",2014-05-22,21.664286,21.780357,21.575001,21.688213,19.342035,200760000,"0","1","1","1","0"
"519",2014-05-23,21.6875,21.954643,21.659643,21.933214,19.560534,232209600,"1","1","1","1","1"
"520",2014-05-27,21.995714,22.352142,21.986786,22.343929,19.926813,348866000,"1","1","0","1","1"
"521",2014-05-28,22.357857,22.493929,22.277857,22.286072,19.875219,315481600,"1","1","1","1","1"
"522",2014-05-29,22.423214,22.745358,22.420357,22.692142,20.237356,376474000,"1","1","0","1","1"
"523",2014-05-30,22.785,23.006071,22.460714,22.607143,20.161552,564020800,"1","0","0","0","1"
"524",2014-06-02,22.64143,22.672501,22.232143,22.451786,20.023005,369350800,"0","0","1","1","0"
"525",2014-06-03,22.445,22.812143,22.4375,22.769285,20.306168,292709200,"0","1","1","1","0"
"526",2014-06-04,22.765715,23.138929,22.718214,23.029285,20.538031,335482000,"1","1","1","1","1"
"527",2014-06-05,23.078571,23.191786,22.950357,23.119642,20.618616,303805600,"1","1","0","0","1"
"528",2014-06-06,23.210714,23.259287,23.016787,23.05607,20.56192,349938400,"1","0","1","1","1"
"529",2014-06-09,23.174999,23.469999,22.9375,23.424999,20.89094,301660000,"1","1","1","1","1"
"530",2014-06-10,23.682501,23.762501,23.3925,23.5625,21.013561,251108000,"0","0","0","0","0"
"531",2014-06-11,23.532499,23.690001,23.3675,23.465,20.926615,182724000,"1","0","0","0","1"
"532",2014-06-12,23.51,23.530001,22.975,23.0725,20.576574,218996000,"0","0","0","0","0"
"533",2014-06-13,23.049999,23.110001,22.719999,22.82,20.351379,218100000,"1","0","1","1","1"
"534",2014-06-16,22.877501,23.1875,22.862499,23.049999,20.556505,142244000,"1","1","0","1","1"
"535",2014-06-17,23.077499,23.174999,22.950001,23.02,20.529753,118904000,"1","0","1","0","1"
"536",2014-06-18,23.067499,23.0725,22.8375,23.045,20.552046,134056000,"1","1","0","0","1"
"537",2014-06-19,23.0725,23.075001,22.834999,22.965,20.480698,142112000,"0","0","0","0","0"
"538",2014-06-20,22.9625,23.137501,22.725,22.727501,20.26889,403592000,"1","0","0","0","1"
"539",2014-06-23,22.83,22.905001,22.65,22.7075,20.251053,174776000,"0","0","0","0","0"
"540",2014-06-24,22.6875,22.934999,22.547501,22.57,20.128429,156144000,"0","0","1","0","0"
"541",2014-06-25,22.5525,22.674999,22.4125,22.59,20.146267,147476000,"1","1","1","1","1"
"542",2014-06-26,22.592501,22.762501,22.450001,22.725,20.266668,130516000,"0","1","1","1","0"
"543",2014-06-27,22.705,23,22.692499,22.995001,20.507458,256116000,"1","1","1","1","1"
"544",2014-06-30,23.025,23.432501,23.022499,23.2325,20.719263,197929200,"1","1","1","1","1"
"545",2014-07-01,23.379999,23.5175,23.282499,23.379999,20.850803,152892000,"1","1","0","0","1"
"546",2014-07-02,23.467501,23.514999,23.272499,23.370001,20.841888,113860000,"1","0","1","1","1"
"547",2014-07-03,23.4175,23.525,23.299999,23.5075,20.964514,91567200,"1","1","1","1","1"
"548",2014-07-07,23.535,23.997499,23.525,23.9925,21.397051,225872000,"1","1","0","1","1"
"549",2014-07-08,24.067499,24.200001,23.48,23.8375,21.258812,260888000,"1","0","1","0","1"
"550",2014-07-09,23.860001,23.987499,23.690001,23.8475,21.267729,145744000,"0","0","0","0","0"
"551",2014-07-10,23.440001,23.887501,23.379999,23.76,21.189697,158744000,"1","1","1","1","1"
"552",2014-07-11,23.84,23.9725,23.715,23.805,21.229832,136072000,"1","1","1","1","1"
"553",2014-07-14,23.965,24.2225,23.9125,24.112499,21.504068,171240000,"1","1","0","0","1"
"554",2014-07-15,24.200001,24.2125,23.7575,23.83,21.252125,181911600,"1","1","0","0","1"
"555",2014-07-16,24.2425,24.275,23.684999,23.695,21.131731,213585200,"1","0","0","0","1"
"556",2014-07-17,23.7575,23.82,23.1425,23.272499,20.754934,229192000,"1","0","1","0","1"
"557",2014-07-18,23.405001,23.684999,23.254999,23.6075,21.053698,199952000,"1","1","0","1","1"
"558",2014-07-21,23.747499,23.75,23.43,23.485001,20.94445,156316000,"1","0","1","0","1"
"559",2014-07-22,23.67,23.7225,23.530001,23.68,21.118355,220788000,"1","1","1","1","1"
"560",2014-07-23,23.855,24.469999,23.7925,24.297501,21.669054,371672000,"0","1","0","1","0"
"561",2014-07-24,24.26,24.33,24.105,24.2575,21.633379,182916000,"0","0","1","1","0"
"562",2014-07-25,24.2125,24.459999,24.16,24.4175,21.776075,173876000,"1","1","1","1","1"
"563",2014-07-28,24.455,24.809999,24.387501,24.754999,22.077065,221272000,"1","1","0","1","1"
"564",2014-07-29,24.8325,24.860001,24.5625,24.594999,21.934374,172572000,"1","0","0","0","1"
"565",2014-07-30,24.610001,24.674999,24.4175,24.5375,21.883089,132040000,"0","0","0","0","0"
"566",2014-07-31,24.290001,24.362499,23.8325,23.9,21.314554,227372000,"0","0","1","0","0"
"567",2014-08-01,23.725,24.155001,23.702499,24.032499,21.432724,194044000,"1","1","0","1","1"
"568",2014-08-04,24.092501,24.145,23.7925,23.897499,21.312323,159832000,"0","0","0","0","0"
"569",2014-08-05,23.84,23.92,23.59,23.780001,21.207537,223732000,"0","0","0","0","0"
"570",2014-08-06,23.6875,23.870001,23.6775,23.74,21.171867,154232000,"0","1","0","0","0"
"571",2014-08-07,23.7325,23.987499,23.525,23.620001,21.169624,186844000,"0","0","1","0","0"
"572",2014-08-08,23.565001,23.705,23.32,23.684999,21.227877,167460000,"1","1","1","1","1"
"573",2014-08-11,23.817499,24.02,23.709999,23.997499,21.507959,146340000,"1","1","0","1","1"
"574",2014-08-12,24.01,24.219999,23.9025,23.9925,21.503479,135180000,"1","1","1","1","1"
"575",2014-08-13,24.0375,24.309999,24.01,24.309999,21.788036,127664000,"1","1","1","1","1"
"576",2014-08-14,24.3325,24.3925,24.200001,24.375,21.846294,112464000,"1","1","1","1","1"
"577",2014-08-15,24.475,24.547501,24.215,24.495001,21.953846,195804000,"1","1","1","1","1"
"578",2014-08-18,24.622499,24.842501,24.495001,24.790001,22.218245,190288000,"1","1","1","1","1"
"579",2014-08-19,24.852501,25.17,24.83,25.1325,22.525211,277596000,"0","1","1","1","0"
"580",2014-08-20,25.110001,25.272499,24.987499,25.1425,22.534178,210796000,"1","1","1","1","1"
"581",2014-08-21,25.1425,25.235001,25.0275,25.145,22.536419,133912000,"0","0","1","1","0"
"582",2014-08-22,25.0725,25.3675,25.047501,25.33,22.70223,176736000,"1","1","1","1","1"
"583",2014-08-25,25.4475,25.5425,25.32,25.385,22.75152,161080000,"0","0","0","0","0"
"584",2014-08-26,25.355,25.375,25.215,25.2225,22.605871,132608000,"1","0","1","1","1"
"585",2014-08-27,25.254999,25.6425,25.174999,25.532499,22.883717,209476000,"0","1","1","1","0"
"586",2014-08-28,25.397499,25.695,25.389999,25.5625,22.910606,273840000,"1","1","1","1","1"
"587",2014-08-29,25.715,25.725,25.549999,25.625,22.966621,178380000,"1","1","1","1","1"
"588",2014-09-02,25.764999,25.934999,25.68,25.825001,23.145874,214256000,"0","1","0","0","0"
"589",2014-09-03,25.775,25.799999,24.645,24.735001,22.168951,501684000,"0","0","0","0","0"
"590",2014-09-04,24.7125,25.022499,24.4475,24.530001,21.98522,342872000,"1","0","1","1","1"
"591",2014-09-05,24.700001,24.8475,24.577499,24.7425,22.175669,233828000,"1","1","0","0","1"
"592",2014-09-08,24.825001,24.827499,24.512501,24.59,22.038984,185426800,"1","0","0","0","1"
"593",2014-09-09,24.77,25.77,24.035,24.497499,21.956085,759385200,"1","0","1","1","1"
"594",2014-09-10,24.502501,25.2775,24.440001,25.25,22.630526,403478400,"0","1","1","1","0"
"595",2014-09-11,25.102501,25.360001,24.905001,25.3575,22.726871,249412400,"0","1","1","1","0"
"596",2014-09-12,25.3025,25.547501,25.27,25.415001,22.778408,250504400,"1","1","0","1","1"
"597",2014-09-15,25.702499,25.762501,25.360001,25.407499,22.771687,245266000,"0","0","0","0","0"
"598",2014-09-16,24.950001,25.315001,24.7225,25.215,22.599154,267632400,"1","1","1","1","1"
"599",2014-09-17,25.317499,25.450001,25.147499,25.395,22.760475,243706000,"1","1","1","1","1"
"600",2014-09-18,25.4825,25.5875,25.389999,25.4475,22.807533,149197600,"1","1","0","0","1"
"601",2014-09-19,25.5725,25.5875,25.125,25.24,22.621559,283609600,"1","0","1","0","1"
"602",2014-09-22,25.450001,25.535,25.145,25.264999,22.643963,211153600,"0","0","1","1","0"
"603",2014-09-23,25.15,25.735001,25.135,25.66,22.997982,253608800,"0","1","0","1","0"
"604",2014-09-24,25.540001,25.7125,25.299999,25.4375,22.798569,240687200,"0","0","0","0","0"
"605",2014-09-25,25.127501,25.1775,24.43,24.467501,21.929199,400368000,"1","0","1","1","1"
"606",2014-09-26,24.6325,25.1875,24.6,25.1875,22.574507,249482000,"0","1","0","1","0"
"607",2014-09-29,24.6625,25.110001,24.657499,25.0275,22.431101,199065200,"1","1","1","1","1"
"608",2014-09-30,25.202499,25.385,25.1325,25.1875,22.574507,221056400,"0","0","0","0","0"
"609",2014-10-01,25.147499,25.172501,24.674999,24.795,22.222729,205965200,"1","0","1","0","1"
"610",2014-10-02,24.817499,25.055,24.51,24.975,22.384048,191031200,"0","1","0","1","0"
"611",2014-10-03,24.860001,25.0525,24.76,24.905001,22.321314,173878400,"1","1","1","1","1"
"612",2014-10-06,24.987499,25.1625,24.855,24.905001,22.321314,148204800,"0","0","0","0","0"
"613",2014-10-07,24.8575,25.030001,24.682501,24.6875,22.126377,168376800,"1","0","1","1","1"
"614",2014-10-08,24.690001,25.2775,24.577499,25.200001,22.585711,229618800,"1","1","1","1","1"
"615",2014-10-09,25.385,25.594999,25.1525,25.254999,22.635004,309506000,"0","0","0","0","0"
"616",2014-10-10,25.172501,25.5075,25.075001,25.182501,22.570023,265326400,"1","1","0","0","1"
"617",2014-10-13,25.3325,25.445,24.952499,24.952499,22.363882,214333600,"1","0","0","0","1"
"618",2014-10-14,25.0975,25.129999,24.6425,24.6875,22.126377,254754400,"0","0","0","0","0"
"619",2014-10-15,24.4925,24.7875,23.795,24.385,21.855263,403734400,"0","0","0","0","0"
"620",2014-10-16,23.887501,24.43,23.852501,24.065001,21.568455,288618000,"1","1","1","1","1"
"621",2014-10-17,24.375,24.75,24.202499,24.4175,21.884386,272718800,"1","1","1","1","1"
"622",2014-10-20,24.58,24.99,24.555,24.940001,22.35268,310069200,"1","1","1","1","1"
"623",2014-10-21,25.754999,25.754999,25.317499,25.6175,22.959902,378495600,"1","0","1","0","1"
"624",2014-10-22,25.709999,26.0275,25.65,25.747499,23.076406,273052400,"1","1","1","1","1"
"625",2014-10-23,26.02,26.262501,25.907499,26.2075,23.488695,284298800,"1","1","1","1","1"
"626",2014-10-24,26.295,26.372499,26.1325,26.305,23.576075,188215600,"0","0","0","0","0"
"627",2014-10-27,26.2125,26.370001,26.174999,26.2775,23.55143,136750800,"1","1","1","1","1"
"628",2014-10-28,26.35,26.684999,26.3375,26.684999,23.916649,192243600,"0","1","1","1","0"
"629",2014-10-29,26.6625,26.842501,26.59,26.834999,24.05109,210751600,"0","1","0","1","0"
"630",2014-10-30,26.74,26.8375,26.475,26.745001,23.970428,162619200,"1","1","1","1","1"
"631",2014-10-31,27.002501,27.01,26.8025,27,24.198969,178557200,"1","1","1","1","1"
"632",2014-11-03,27.055,27.575001,27.002501,27.35,24.512672,209130400,"0","1","0","1","0"
"633",2014-11-04,27.34,27.372499,26.93,27.15,24.333412,166297600,"1","0","1","0","1"
"634",2014-11-05,27.275,27.325001,27.032499,27.215,24.39167,149743600,"0","0","0","0","0"
"635",2014-11-06,27.15,27.1975,26.950001,27.174999,24.461428,139874000,"1","1","1","1","1"
"636",2014-11-07,27.1875,27.33,27.137501,27.252501,24.531191,134766000,"1","1","0","1","1"
"637",2014-11-10,27.254999,27.3325,27.1675,27.2075,24.490683,108782000,"0","0","1","1","0"
"638",2014-11-11,27.174999,27.4375,27.1,27.424999,24.686464,109769200,"0","1","1","1","0"
"639",2014-11-12,27.344999,27.8575,27.342501,27.8125,25.035273,187769600,"1","1","1","1","1"
"640",2014-11-13,27.950001,28.362499,27.9,28.205,25.388584,238091600,"1","1","1","1","1"
"641",2014-11-14,28.2875,28.547501,27.8025,28.545,25.69463,176254400,"1","1","0","1","1"
"642",2014-11-17,28.567499,29.32,28.325001,28.497499,25.651873,186986800,"0","0","1","1","0"
"643",2014-11-18,28.485001,28.922501,28.4725,28.8675,25.984926,176896000,"0","1","0","1","0"
"644",2014-11-19,28.860001,28.934999,28.450001,28.6675,25.804897,167476800,"1","0","1","1","1"
"645",2014-11-20,28.727501,29.215,28.7125,29.077499,26.173962,173582000,"1","1","1","1","1"
"646",2014-11-21,29.377501,29.3925,29.0075,29.1175,26.209963,228717200,"1","0","1","1","1"
"647",2014-11-24,29.2125,29.692499,29.155001,29.657499,26.696041,189803200,"1","1","0","1","1"
"648",2014-11-25,29.7675,29.9375,29.362499,29.4,26.464256,275361600,"1","0","1","0","1"
"649",2014-11-26,29.485001,29.775,29.4575,29.75,26.779303,163073200,"1","1","0","1","1"
"650",2014-11-28,29.817499,29.85,29.512501,29.7325,26.763556,99257600,"0","0","0","0","0"
"651",2014-12-01,29.702499,29.8125,27.817499,28.7675,25.894915,335256000,"0","0","0","0","0"
"652",2014-12-02,28.375,28.9375,28.1875,28.657499,25.795895,237395600,"1","1","1","1","1"
"653",2014-12-03,28.9375,29.0875,28.7775,28.9825,26.088444,172253600,"0","1","0","0","0"
"654",2014-12-04,28.942499,29.299999,28.8225,28.872499,25.989429,168178000,"1","1","0","0","1"
"655",2014-12-05,28.997499,29.02,28.66,28.75,25.879164,153275600,"0","0","0","0","0"
"656",2014-12-08,28.525,28.6625,27.905001,28.1,25.294062,230659600,"0","0","1","1","0"
"657",2014-12-09,27.547501,28.575001,27.3375,28.530001,25.681128,240832000,"1","1","0","1","1"
"658",2014-12-10,28.602501,28.7125,27.885,27.987499,25.192802,178261200,"1","0","0","0","1"
"659",2014-12-11,28.065001,28.450001,27.834999,27.905001,25.118542,165606800,"0","0","0","0","0"
"660",2014-12-12,27.615,27.967501,27.395,27.432501,24.69322,224112400,"1","1","0","0","1"
"661",2014-12-15,27.674999,27.9,26.5875,27.057501,24.355659,268872400,"0","0","0","0","0"
"662",2014-12-16,26.592501,27.540001,26.565001,26.6875,24.02261,243162800,"1","1","1","1","1"
"663",2014-12-17,26.780001,27.459999,26.705,27.352501,24.621216,213647200,"1","1","1","1","1"
"664",2014-12-18,27.967501,28.1625,27.665001,28.1625,25.350325,236024800,"0","1","0","0","0"
"665",2014-12-19,28.065001,28.309999,27.915001,27.945,25.154541,353719200,"1","0","1","1","1"
"666",2014-12-22,28.040001,28.372499,27.9925,28.235001,25.415581,180670000,"1","1","0","1","1"
"667",2014-12-23,28.307501,28.3325,28.115,28.135,25.325569,104113600,"1","0","0","0","1"
"668",2014-12-24,28.145,28.1775,28.002501,28.002501,25.206305,57918400,"1","0","1","1","1"
"669",2014-12-26,28.025,28.629999,28.002501,28.497499,25.651873,134884000,"0","1","0","1","0"
"670",2014-12-29,28.4475,28.692499,28.424999,28.477501,25.633867,110395600,"0","0","0","0","0"
"671",2014-12-30,28.41,28.48,28.0275,28.129999,25.32107,119526000,"1","0","0","0","1"
"672",2014-12-31,28.205,28.282499,27.5525,27.594999,24.839495,165613600,"1","0","0","0","1"
"673",2015-01-02,27.8475,27.860001,26.8375,27.3325,24.603205,212818400,"0","0","0","0","0"
"674",2015-01-05,27.0725,27.1625,26.352501,26.5625,23.910093,257142000,"1","0","1","0","1"
"675",2015-01-06,26.635,26.8575,26.157499,26.565001,23.912342,263188400,"1","1","1","1","1"
"676",2015-01-07,26.799999,27.049999,26.674999,26.9375,24.247643,160423600,"1","1","1","1","1"
"677",2015-01-08,27.307501,28.0375,27.174999,27.9725,25.1793,237458000,"1","1","1","1","1"
"678",2015-01-09,28.1675,28.3125,27.5525,28.002501,25.206305,214798000,"1","0","0","0","1"
"679",2015-01-12,28.15,28.157499,27.200001,27.3125,24.585209,198603200,"1","0","1","0","1"
"680",2015-01-13,27.8575,28.200001,27.227501,27.555,24.803486,268367600,"0","0","0","0","0"
"681",2015-01-14,27.26,27.622499,27.125,27.450001,24.708975,195826400,"1","1","0","0","1"
"682",2015-01-15,27.5,27.514999,26.665001,26.705,24.038368,240056000,"1","0","0","0","1"
"683",2015-01-16,26.7575,26.895,26.299999,26.497499,23.851578,314053200,"1","1","1","1","1"
"684",2015-01-20,26.959999,27.2425,26.625,27.18,24.465935,199599600,"1","1","1","1","1"
"685",2015-01-21,27.237499,27.764999,27.067499,27.387501,24.652716,194303600,"1","1","1","1","1"
"686",2015-01-22,27.565001,28.1175,27.43,28.1,25.294062,215185600,"0","1","1","1","0"
"687",2015-01-23,28.075001,28.4375,27.8825,28.245001,25.424587,185859200,"1","1","1","1","1"
"688",2015-01-26,28.434999,28.59,28.200001,28.275,25.451593,222460000,"0","0","0","0","0"
"689",2015-01-27,28.105,28.120001,27.2575,27.285,24.560444,382274800,"1","1","1","1","1"
"690",2015-01-28,29.407499,29.530001,28.827499,28.827499,25.948914,585908400,"1","0","1","1","1"
"691",2015-01-29,29.08,29.797501,28.889999,29.725,26.7568,337745600,"0","1","0","1","0"
"692",2015-01-30,29.6,30,29.2125,29.290001,26.365238,334982000,"1","0","1","1","1"
"693",2015-02-02,29.512501,29.7925,29.02,29.657499,26.696041,250956400,"0","1","1","1","0"
"694",2015-02-03,29.625,29.772499,29.4025,29.6625,26.700541,207662800,"0","1","1","1","0"
"695",2015-02-04,29.625,30.127501,29.577499,29.889999,26.905321,280598800,"1","1","1","1","1"
"696",2015-02-05,30.004999,30.057501,29.8125,29.985001,27.097364,168984800,"1","1","0","0","1"
"697",2015-02-06,30.004999,30.0625,29.612499,29.7325,26.869179,174826400,"0","0","1","0","0"
"698",2015-02-09,29.637501,29.959999,29.6075,29.93,27.047659,155559200,"1","1","1","1","1"
"699",2015-02-10,30.0425,30.5375,30.040001,30.504999,27.567284,248034000,"1","1","1","1","1"
"700",2015-02-11,30.692499,31.23,30.625,31.219999,28.213425,294247200,"1","1","1","1","1"
"701",2015-02-12,31.514999,31.870001,31.3925,31.615,28.570389,297898000,"1","1","1","1","1"
"702",2015-02-13,31.82,31.82,31.4125,31.77,28.710459,217088800,"1","1","1","1","1"
"703",2015-02-17,31.872499,32.220001,31.73,31.9575,28.879908,252609600,"0","1","1","1","0"
"704",2015-02-18,31.907499,32.195,31.862499,32.18,29.080975,179566800,"0","1","0","1","0"
"705",2015-02-19,32.119999,32.2575,32.0825,32.112499,29.019974,149449600,"1","1","1","1","1"
"706",2015-02-20,32.154999,32.375,32.012501,32.375,29.257195,195793600,"1","1","1","1","1"
"707",2015-02-23,32.505001,33.25,32.415001,33.25,30.047932,283896400,"0","1","0","1","0"
"708",2015-02-24,33.235001,33.400002,32.7925,33.0425,29.860415,276912400,"0","0","0","0","0"
"709",2015-02-25,32.889999,32.900002,32.037498,32.197498,29.096786,298846800,"1","0","1","0","1"
"710",2015-02-26,32.197498,32.717499,31.6525,32.605,29.465055,365150000,"0","1","0","0","0"
"711",2015-02-27,32.5,32.642502,32.060001,32.115002,29.022236,248059200,"1","0","1","0","1"
"712",2015-03-02,32.3125,32.57,32.075001,32.272499,29.16457,192386800,"0","0","1","1","0"
"713",2015-03-03,32.240002,32.380001,32.022499,32.34,29.225571,151265200,"0","1","0","0","0"
"714",2015-03-04,32.275002,32.389999,32.080002,32.134998,29.040312,126665200,"1","0","0","0","1"
"715",2015-03-05,32.145,32.1875,31.440001,31.602501,28.559088,226068400,"1","0","1","0","1"
"716",2015-03-06,32.099998,32.342499,31.565001,31.65,28.60202,291368400,"1","0","1","0","1"
"717",2015-03-09,31.99,32.392502,31.264999,31.785,28.724018,354114000,"0","0","0","0","0"
"718",2015-03-10,31.602501,31.805,30.950001,31.127501,28.129831,275426400,"1","0","0","0","1"
"719",2015-03-11,31.1875,31.192499,30.5275,30.559999,27.616983,275756000,"1","0","1","0","1"
"720",2015-03-12,30.577499,31.225,30.407499,31.112499,28.116278,193450800,"0","1","0","1","0"
"721",2015-03-13,31.1,31.35,30.645,30.897499,27.921989,207309200,"1","0","1","1","1"
"722",2015-03-16,30.969999,31.237499,30.717501,31.237499,28.229244,143497200,"1","1","1","1","1"
"723",2015-03-17,31.475,31.83,31.4125,31.76,28.701424,204092400,"0","1","1","1","0"
"724",2015-03-18,31.75,32.290001,31.592501,32.1175,29.024496,261083600,"1","1","0","1","1"
"725",2015-03-19,32.1875,32.3125,31.85,31.875,28.805347,183238000,"1","0","0","0","1"
"726",2015-03-20,32.0625,32.099998,31.290001,31.475,28.443869,274780400,"1","0","1","0","1"
"727",2015-03-23,31.780001,31.9625,31.629999,31.8025,28.739832,150838800,"1","1","0","0","1"
"728",2015-03-24,31.807501,32.009998,31.639999,31.672501,28.622355,131369200,"0","0","0","0","0"
"729",2015-03-25,31.635,31.705,30.844999,30.844999,27.874538,206620800,"0","0","1","0","0"
"730",2015-03-26,30.690001,31.219999,30.65,31.059999,28.06884,190291600,"1","1","0","1","1"
"731",2015-03-27,31.1425,31.174999,30.727501,30.8125,27.845175,158184800,"1","0","1","1","1"
"732",2015-03-30,31.012501,31.6,31,31.592501,28.550056,188398800,"0","1","0","1","0"
"733",2015-03-31,31.522499,31.622499,31.09,31.1075,28.111765,168362400,"1","0","0","0","1"
"734",2015-04-01,31.205,31.280001,30.775,31.0625,28.071098,162485600,"1","1","1","1","1"
"735",2015-04-02,31.2575,31.389999,31.047501,31.33,28.312834,128880400,"0","0","1","1","0"
"736",2015-04-06,31.1175,31.877501,31.0825,31.8375,28.77146,148776000,"1","1","0","1","1"
"737",2015-04-07,31.91,32.029999,31.495001,31.502501,28.468721,140049200,"0","0","0","0","0"
"738",2015-04-08,31.4625,31.6,31.2425,31.4,28.376095,149316800,"1","1","1","1","1"
"739",2015-04-09,31.4625,31.645,31.165001,31.639999,28.5